Metric,Value
Accuracy,0.7318307267709292
Precision,0.7334251039551793
Recall,0.7318307267709292
F1 Score,0.7319033232566944
ROC AUC,0.8736326433439068
