Metric,Value
Accuracy,0.7830420116528672
Precision,0.782704267829528
Recall,0.7830420116528672
F1 Score,0.7828267191237176
ROC AUC,0.905509568394851
