Metric,Value
Accuracy,0.7539865072063784
Precision,0.7542215006217147
Recall,0.7539865072063784
F1 Score,0.7538153671064389
ROC AUC,0.8865303098867137
